{
	"format_version": "1.12.0",
	"minecraft:geometry": [
		{
			"description": {
				"identifier": "geometry.bobomb",
				"texture_width": 64,
				"texture_height": 32,
				"visible_bounds_width": 2,
				"visible_bounds_height": 2.5,
				"visible_bounds_offset": [0, 0.75, 0]
			},
			"bones": [
				{
					"name": "waist",
					"pivot": [0, 0, 0]
				},
				{
					"name": "body",
					"parent": "waist",
					"pivot": [0, 9, 0]
				},
				{
					"name": "head",
					"parent": "body",
					"pivot": [0, 9, 0],
					"cubes": [
						{"origin": [-6, 3, -6], "size": [12, 12, 12], "uv": [0, 0]},
						{"origin": [-2, 15, -2], "size": [4, 2, 4], "uv": [0, 24]}
					]
				},
				{
					"name": "rightLeg",
					"parent": "body",
					"pivot": [-6, 3, 0],
					"cubes": [
						{"origin": [-7, 0, -3], "size": [4, 3, 6], "uv": [36, 0]}
					]
				},
				{
					"name": "leftLeg",
					"parent": "body",
					"pivot": [6, 3, 0],
					"cubes": [
						{"origin": [3, 0, -3], "size": [4, 3, 6], "uv": [36, 0], "mirror": true}
					]
				}
			]
		}
	]
}