{
	"format_version": "1.12.0",
	"minecraft:geometry": [
		{
			"description": {
				"identifier": "geometry.missile",
				"texture_width": 64,
				"texture_height": 32,
				"visible_bounds_width": 2,
				"visible_bounds_height": 2.5,
				"visible_bounds_offset": [0, 0.75, 0]
			},
			"bones": [
				{
					"name": "body",
					"pivot": [0, 1, 0],
					"cubes": [
						{"origin": [-5.5, -0.5, 1], "size": [2, 1, 3], "uv": [0, 28]},
						{"origin": [3.5, -0.5, 1], "size": [2, 1, 3], "uv": [0, 28]},
						{"origin": [-0.5, 3.5, 1], "size": [1, 2, 3], "uv": [10, 27]},
						{"origin": [-0.5, -5.5, 1], "size": [1, 2, 3], "uv": [10, 27]},
						{"origin": [-3.5, -3.5, -6], "size": [7, 7, 12], "uv": [0, 0]}
					]
				}
			]
		}
	]
}