{
	"format_version": "1.12.0",
	"minecraft:geometry": [
		{
			"description": {
				"identifier": "geometry.nuclear",
				"texture_width": 64,
				"texture_height": 64,
				"visible_bounds_width": 3,
				"visible_bounds_height": 1.5,
				"visible_bounds_offset": [0, 0.25, 0]
			},
			"bones": [
				{
					"name": "waist",
					"pivot": [0, 0, 0],
					"cubes": [
						{"origin": [-5.5, -5.5, -10], "size": [11, 11, 13], "uv": [0, 0]},
						{"origin": [-3.5, -3.5, 3], "size": [7, 7, 7], "uv": [0, 24]}
					]
				},
				{
					"name": "wings",
					"parent": "waist",
					"pivot": [0, 0, 8],
					"rotation": [0, 0, 45],
					"cubes": [
						{"origin": [3.5, -0.5, 5], "size": [4, 1, 5], "uv": [0, 58]},
						{"origin": [-7.5, -0.5, 5], "size": [4, 1, 5], "uv": [0, 58]},
						{"origin": [-0.5, 3.5, 5], "size": [1, 4, 5], "uv": [18, 55]},
						{"origin": [-0.5, -7.5, 5], "size": [1, 4, 5], "uv": [18, 55]}
					]
				}
			]
		}
	]
}