{
    "format_version": "1.14.0",
    "minecraft:entity": {
        "description": {
            "identifier": "towerwar:bomb",
            "runtime_identifier": "minecraft:snowball",
            "is_spawnable": false,
            "is_summonable": true,
            "is_experimental": false
        },
 
        // Grupo de componentes
        "component_groups": {

            // Componente de explosão
            "towerwar:exploding": {
                "minecraft:explode": {
                    "fuse_length": 0,
                    "fuse_lit": true,
                    "power": 2, // A força da explosão
                    "causes_fire": false, // Se explosão causa fogo no chão
                    "destroy_affected_by_griefing": true
                }
            }
        },
 
        // Componentes
        "components": {
            "minecraft:collision_box": {
                "width": 0.5,
                "height": 0.5
            },
            "minecraft:projectile": {
     
                "on_hit": {
                    "definition_event": {
                        "affect_projectile": true,
                        "eventTrigger": {
                            "event": "towerwar:on_collision", // Quando o projétil encostar em alguma coisa chama o evento 'towerwar:on_collision'
                            "target": "self"
                        }
                    }
                },
                "power": 1.3, // A força que o projétil vai ser lançado
                "gravity": 0.03, // A Grávidade do projétil (Não precisa mexer nisso)
                "catch_fire": false // Se o projétil bota fogo em quem encosta
            },
            "minecraft:physics": {} // Necessário para que o projétil tenha colisão
        },

        // Eventos
        "events": {
            "towerwar:on_collision": {
                // Dependendo do 'Número do jogador' spawna uma area de coleta que derá esmeraldas para esse jogador
                // (Provavelmente transformarei em uma função depois)
                "run_command": {
                    "command": "function summon_collecting_area"
                },
                
                // Adiciona um grupo de componentes 'towerwar:exploding' que faz o projétil explodir
                "add": {
                    "component_groups": [
                        "towerwar:exploding"
                    ]
                }
                
            },
            "minecraft:entity_spawned": {
                "run_command": {
                    "command": [
                        "playsound random.bow @a ~ ~ ~ 1 0.4",
                        "function get_player_num" // Coleta o 'Número do jogador' e armazena no próprio scoreboard
                    ]
                }
            }
        }
    }
}
 