{
    "format_version": "1.14.0",
    "minecraft:entity": {
        "description": {
            "identifier": "towerwar:dynamite",
            "runtime_identifier": "minecraft:snowball",
            "is_spawnable": false,
            "is_summonable": true,
            "is_experimental": false
        },

        "component_groups": {
            "towerwar:exploding": {
                "minecraft:explode": {
                    "fuse_length": 0,
                    "fuse_lit": true,
                    "power": 1,
                    "causes_fire": false,
                    "destroy_affected_by_griefing": true 
                }
            }
        },

        "components": {
            "minecraft:collision_box": {
                "width": 0.4,
                "height": 0.4
            },
            "minecraft:projectile": {

                "on_hit": {
                    "definition_event": {
                        "affect_projectile": true,
                        "eventTrigger": {
                            "event": "towerwar:on_collision",
                            "target": "self"
                        }
                    }
                },
                "power": 1.55,
                "gravity": 0.03,
                "anchor": 1,
                "catch_fire": false
            },
            "minecraft:physics": { // 7 sand 0 replace sandstone 0
            }
        },
        "events": {
            "towerwar:on_collision": {
                "run_command": {
                    "command": "function summon_collecting_area"
                },
                "add": {
                    "component_groups": [
                        "towerwar:exploding"
                    ]
                }
            },
            "minecraft:entity_spawned": {
                "run_command": {
                    "command": [
                        "playsound random.bow @a ~ ~ ~ 1 0.45",
                        "function get_player_num"
                    ]
                }
            }
        }
    }
}
