{
    "format_version": "1.14.0",
    "minecraft:entity": {
        "description": {
            "identifier": "towerwar:flammable_missile",
            "runtime_identifier": "arrow",
            "is_spawnable": false,
            "is_summonable": true,
            "is_experimental": false
        },
        "component_groups": {
            "towerwar:exploding": {
                "minecraft:explode": {
                    "fuse_length": 0,
                    "fuse_lit": true,
                    "power": 4,
                    "causes_fire": true,
                    "destroy_affected_by_griefing": true
                }
            }
        },
        "components": {
            "minecraft:projectile": {
                "on_hit": {
                    "definition_event": {
                        "event_trigger": {
                            "event": "towerwar:on_collision"
                        }
                    },
                    "arrow_effect": {}
                },
                "power": 0.3,
                "inertia": 1,
                "gravity": 0,
                "catch_fire": true
            },
            "minecraft:collision_box": {
                "width": 0.6,
                "height": 0.6
            },
            "minecraft:physics": {}
        },
        "events": {
            "towerwar:on_collision": {
                "run_command": {
                    "command": "function summon_collecting_area"
                },
                "add": {
                    "component_groups": [
                        "towerwar:exploding"
                    ]
                }
            },
            "minecraft:entity_spawned": {
                "run_command": {
                    "command": "function get_player_num"
                }
            }
        }
    }
}