{
    "format_version": "1.14.0",
    "minecraft:entity": {
        "description": {
            "identifier": "towerwar:nausea",
            "runtime_identifier": "minecraft:snowball",
            "is_spawnable": false,
            "is_summonable": true,
            "is_experimental": false
        },
 
        "components": {
            "minecraft:collision_box": {
                "width": 0.5,
                "height": 0.5
            },
            "minecraft:projectile": {
     
                "on_hit": {
                    "definition_event": {
                        "affect_projectile": true,
                        "eventTrigger": {
                            "event": "towerwar:on_collision",
                            "target": "self"
                        }
                    },
                    "particle_on_hit": {
                        "particle_type": "iconcrack",
                        "num_particles": 6,
                        "on_entity_hit": true,
                        "on_other_hit": true
                    },
                    "remove_on_hit": {}
                },
                "power": 1.4,
                "gravity": 0.03,
                "catch_fire": false,
                "hit_sound": "soul_sand"
            },
            "minecraft:physics": {
            }
        },
        "events": {
            "towerwar:on_collision": {
                "run_command": {
                    "command": [
                        "effect @e[r=7] nausea 25 255",
                        "playsound random.fizz @a ~ ~ ~ 0.8 0.5"
                    ]
                }
            },
            "minecraft:entity_spawned": {
                "run_command": {
                    "command": [
                        "playsound random.bow @a ~ ~ ~ 1 0.45",
                        "scoreboard players operation @s PType = @p PType"
                    ]
                }
            }
        }
    }
}
 