{
    "format_version": "1.14.0",
    "minecraft:entity": {
        "description": {
            "identifier": "towerwar:nuclear",
            "runtime_identifier": "minecraft:arrow",
            "is_spawnable": false,
            "is_summonable": true,
            "is_experimental": false
        },
 
        "component_groups": {
            "towerwar:exploding": {
                "minecraft:explode": {
                    "fuse_length": 0,
                    "fuse_lit": true,
                    "power": 10,
                    "causes_fire": false,
                    "destroy_affected_by_griefing": true
                }
            }
        },
 
        "components": {
            "minecraft:collision_box": {
                "width": 1,
                "height": 1
            },
            "minecraft:projectile": {
     
                "on_hit": {
                    "definition_event": {
                        "affect_projectile": true,
                        "eventTrigger": {
                            "event": "towerwar:on_collision",
                            "target": "self"
                        }
                    }
                },
                "power": 1.5,
                "gravity": 0.03,
                "catch_fire": false
            },
            "minecraft:physics": {
            }
        },
        "events": {
            "towerwar:on_collision": {
                "run_command": {
                    "command": "function summon_collecting_area"
                },
                "add": {
                    "component_groups": [
                        "towerwar:exploding"
                    ]
                }
            },
            "minecraft:entity_spawned": {
                "run_command": {
                    "command": [
                        "playsound random.bow @a ~ ~ ~ 1 0.45", // TODO: Missile sound
                        "function get_player_num"
                    ]
                }
            }
        }
    }
}
 