{
    "format_version": "1.16.0",
    "minecraft:entity": {
      "description": {
        "identifier": "minecraft:player",
        "is_spawnable": false,
        "is_summonable": false,
        "is_experimental": false
      },
  
      "component_groups": {
        "minecraft:add_bad_omen": {
          "minecraft:spell_effects": {
            "add_effects": [
              {
                "effect": "bad_omen",
                "duration": 6000,
                "display_on_screen_animation": true
              }
            ]
          },
          "minecraft:timer": {
            "time": [ 0.0, 0.0 ],
            "looping": false,
            "time_down_event": {
              "event": "minecraft:clear_add_bad_omen",
              "target": "self"
            }
          }
        },
        "minecraft:clear_bad_omen_spell_effect": {
          "minecraft:spell_effects": {
          }
        },
        "minecraft:raid_trigger": {
          "minecraft:raid_trigger": {
            "triggered_event": {
              "event": "minecraft:remove_raid_trigger",
              "target": "self"
            }
          },
          "minecraft:spell_effects": {
            "remove_effects": "bad_omen"
          }
        }
      },
  
      "components": {
        "minecraft:timer": {
          "looping": true,
          "time": 0,
          "time_down_event": {
            "event": "towerwar:on_tick", // Todo tick é chamado o evento "towerwar:on_tick"
            "target": "self"
          }
        },
        //"minecraft:damage_sensor": {
        //  "triggers": {
        //    "on_damage": {
        //      "filters": { "test": "is_family", "subject": "other", "value": "player" }
        //    },
        //    "deals_damage": false
        //  }
        //},

        "minecraft:experience_reward": {
          "on_death": "Math.Min(query.player_level * 7, 100)"
        },
        "minecraft:type_family": {
          "family": [ "player" ]
        },
        "minecraft:is_hidden_when_invisible": {
        },
        "minecraft:loot": {
          "table": "loot_tables/empty.json"
        },
        "minecraft:collision_box": {
          "width": 0.6,
          "height": 1.8
        },
        "minecraft:can_climb": {
        },
        "minecraft:movement": {
          "value": 0.1
        },
        "minecraft:hurt_on_condition": {
          "damage_conditions": [
            {
              "filters": { "test": "in_lava", "subject": "self", "operator": "==", "value": true },
              "cause": "lava",
              "damage_per_tick": 4
            }
          ]
        },
        "minecraft:attack": {
          "damage": 1
        },
        "minecraft:player.saturation": {
          "value": 20
        },
        "minecraft:player.exhaustion": {
          "value": 0,
          "max": 4
        },
        "minecraft:player.level": {
          "value": 0,
          "max": 24791
        },
        "minecraft:player.experience": {
          "value": 0,
          "max": 1
        },
        "minecraft:breathable": {
          "total_supply": 15,
          "suffocate_time": -1,
          "inhale_time": 3.75,
          "generates_bubbles": false
        },
        "minecraft:nameable": {
          "always_show": false,
          "allow_name_tag_renaming": false
        },
        "minecraft:physics": {
        },
        "minecraft:pushable": {
          "is_pushable": false,
          "is_pushable_by_piston": true
        },
        "minecraft:insomnia": {
          "days_until_insomnia": 3
        },
        "minecraft:rideable": {
          "seat_count": 2,
          "family_types": [
            "parrot_tame"
          ],
          "pull_in_entities": true,
          "seats": [
            {
              "position": [ 0.4, -0.2, -0.1 ],
              "min_rider_count": 0,
              "max_rider_count": 0,
              "lock_rider_rotation": 0
            },
            {
              "position": [ -0.4, -0.2, -0.1 ],
              "min_rider_count": 1,
              "max_rider_count": 2,
              "lock_rider_rotation": 0
            }
          ]
        },
        "minecraft:conditional_bandwidth_optimization": {
        },
        "minecraft:scaffolding_climber": {},
        "minecraft:environment_sensor": {
          "triggers": {
            "filters": {
              "all_of": [
                {
                  "test": "has_mob_effect",
                  "subject": "self",
                  "value": "bad_omen"
                },
                {
                  "test": "is_in_village",
                  "subject": "self",
                  "value": true
                }
              ]
            },
            "event": "minecraft:trigger_raid"
          }
        }
      },
  
      "events": {
        "towerwar:on_tick": {
          "sequence": [
            {
              // Detecta se o jogador tem um equipamento no pé e tem o ID "towerwar:speed_boots"
              "filters": {"test": "has_equipment", "domain": "feet", "value": "towerwar:speed_boots"},
              "run_command": {
                "command": "effect @s speed 1 1 true" // Aplica Velocidade II no jogador
              }
            },
            {
              // Detecta se o jogador tem um equipamento no pé e tem o ID "towerwar:jump_boots"
              "filters": {"test": "has_equipment", "domain": "feet", "value": "towerwar:jump_boots"},
              "run_command": {
                "command": "effect @s jump_boost 1 1 true" // Aplica Pulo Turbinado II (que nome bosta) no jogador
              }
            }
          ]
        },

        "minecraft:gain_bad_omen": {
          "add": {
            "component_groups": [
              "minecraft:add_bad_omen"
            ]
          }
        },
        "minecraft:clear_add_bad_omen": {
          "remove": {
            "component_groups": [
              "minecraft:add_bad_omen"
            ]
          },
          "add": {
            "component_groups": [
              "minecraft:clear_bad_omen_spell_effect"
            ]
          }
        },
        "minecraft:trigger_raid": {
          "add": {
            "component_groups": [ "minecraft:raid_trigger" ]
          }
        },
        "minecraft:remove_raid_trigger": {
          "remove": {
            "component_groups": [ "minecraft:raid_trigger" ]
          }
        }
      }
    }
  }
  
  
  
  
  