{
    "format_version": "1.10.0",
    "minecraft:client_entity": {
        "description": {
            "identifier": "towerwar:flammable_missile",
            "materials": {
                "default": "arrow"
            },
            "geometry": {
                "default": "geometry.missile"
            },
            "textures": {
                "default": "textures/entity/missile"
            },
            "animations": {
                "move": "animation.missile.move"
            },
            "scripts": {
                "pre_animation": [
                    "variable.shake = query.shake_time - query.frame_alpha;",
                    "variable.shake_power = variable.shake > 0.0 ? -Math.sin(variable.shake * 200.0) * variable.shake : 0.0;"
                ],
                "animate": [
                    "move"
                ]
            },
            "render_controllers": [
                "controller.render.arrow"
            ]
        }
    }
}