{
	"format_version": "1.10.0",
	"minecraft:attachable": {
          "description": {
               "identifier": "towerwar:speed_boots.player",
               "item": {
                    "towerwar:speed_boots": "query.owner_identifier == 'minecraft:player'"
               },
               "materials": {
                    "default": "armor",
                    "enchanted": "armor_enchanted"
               },
               "textures": {
                    "default": "textures/models/armor/speed",
                    "enchanted": "textures/misc/enchanted_item_glint"
               },
               "geometry": {
                    "default": "geometry.player.armor.boots"
               },
               "scripts": {
                    "parent_setup": "variable.boots_layer_visible = 0.0;"
               },
               "render_controllers": [ "controller.render.armor" ]
	     }
	}
}