{
    "format_version": "1.10.0",
    "particle_effect": {
        "description": {
            "identifier": "towerwar:rocket",
            "basic_render_parameters": {
                "material": "particles_alpha",
                "texture": "textures/particle/rocket"
            }
        },
        "components": {
            "minecraft:emitter_rate_instant": {
                "num_particles": "10"
            },
            "minecraft:emitter_shape_sphere": {
                "radius": 0.2,
                "direction": [0, 0, 0]
            },
            "minecraft:particle_lifetime_expression": {
                "max_lifetime": "Math.random(0.8, 1.1)"
            },
            "minecraft:emitter_lifetime_expression": {
                "activation_expression": 1,
                "expiration_expression": 0
            },
            "minecraft:particle_appearance_billboard": {
                "size": [0.12, 0.12],
                "camera_facing_mode": "lookat_xyz",
                "uv": {
                    "texture_width": 5,
                    "texture_height": 30,
                    "flipbook": {
                        "base_UV": [0, 0],
                        "size_UV": [5, 5],
                        "step_UV": [0, 5],
                        "frames_per_second": 6,
                        "max_frame": 6,
                        "stretch_to_lifetime": true,
                        "loop": false
                    }
                }
            }
        }
    }
}