{
	"format_version": "1.8.0",
	"animations": {
		"animation.thebeast.chase": {
			"loop": true,
			"animation_length": 0.56,
			"bones": {
				"head": {
					"rotation": {
						"0.0": [0, 0, 0],
						"0.28": [2.5, 0, 0],
						"0.56": [0, 0, 0]
					}
				},
				"leftarm": {
					"rotation": {
						"0.0": [7.5, 0, 0],
						"0.28": [-7.5, 0, 0],
						"0.56": [7.5, 0, 0]
					}
				},
				"rightarm": {
					"rotation": {
						"0.0": [-7.5, 0, 0],
						"0.28": [7.5, 0, 0],
						"0.56": [-7.5, 0, 0]
					}
				},
				"leftleg": {
					"rotation": {
						"0.0": [-25, 0, 0],
						"0.28": [25, 0, 0],
						"0.56": [-25, 0, 0]
					}
				},
				"rightleg": {
					"rotation": {
						"0.0": [25, 0, 0],
						"0.28": [-25, 0, 0],
						"0.56": [25, 0, 0]
					}
				},
				"body": {
					"rotation": {
						"0.0": [0, 0, 0],
						"0.28": [-2.5, 0, 0],
						"0.56": [0, 0, 0]
					}
				}
			}
		},
		"animation.thebeast.wander": {
			"loop": true,
			"animation_length": 1.36,
			"bones": {
				"head": {
					"rotation": {
						"0.0": [-25, 0, 0],
						"0.68": [-22.5, 0, 0],
						"1.36": [-25, 0, 0]
					}
				},
				"leftarm": {
					"rotation": {
						"0.0": [-90, 0, 0],
						"0.68": [-72.5, 0, 0],
						"1.36": [-90, 0, 0]
					}
				},
				"rightarm": {
					"rotation": {
						"0.0": [-75, 0, 0],
						"0.68": [-87.5, 0, 0],
						"1.36": [-75, 0, 0]
					}
				},
				"leftleg": {
					"rotation": {
						"0.0": [12.5, 0, 0],
						"0.68": [-12.5, 0, 0],
						"1.36": [12.5, 0, 0]
					}
				},
				"rightleg": {
					"rotation": {
						"0.0": [-12.5, 0, 0],
						"0.68": [12.5, 0, 0],
						"1.36": [-12.5, 0, 0]
					}
				},
				"body": {
					"rotation": {
						"0.0": [-7.5, 0, 0],
						"0.68": [-10, 0, 0],
						"1.36": [-7.5, 0, 0]
					}
				}
			}
		}
	}
}