{
	"format_version": "1.16.100",
	"minecraft:item": {
		"description": {
               "identifier": "towerwar:bomb",
               "category" : "items"
		},
		"components": {
               "minecraft:icon": {
                    "texture": "towerwar:bomb"
               },
               "minecraft:creative_category": {
                    "parent": "itemGroup.name.items"
               },
               "minecraft:max_stack_size": 64,
			"minecraft:stacked_by_data": true,
			"minecraft:projectile": {
                    "minimum_critical_power": 3,
                    "projectile_entity": "towerwar:bomb"
               },
               "minecraft:throwable": {
                    "do_swing_animation": true,
                    "launch_power_scale": 2.0
               }
          }
	}
}