{
	"format_version": "1.16.100",
	"minecraft:item": {
		"description": {
			"identifier": "towerwar:hotdog",
			"category" : "equipment"
		},
		"components": {
			"minecraft:icon": {
				"texture": "towerwar:hotdog"
			},
			"minecraft:creative_category": {
				"parent": "itemGroup.name.miscFood"
			},
			"minecraft:max_stack_size": 64,
			"minecraft:stacked_by_data": true,
			"minecraft:use_animation": "eat",
			
			"minecraft:use_duration": 1.6,
		"minecraft:food": {
				"can_always_eat": true,
				"nutrition": 6,
				"saturation_modifier": "normal",
				"on_consume": {
					"event": "towerwar:on_consume",
					"target": "self"
				}
			}
		},
		"events": {
			"towerwar:on_consume": {
				"add_mob_effect": {
					"effect": "regeneration",
					"target": "holder",
					"duration": 8,
					"amplifier": 1
				}
			}
		}
	}
}