{
	"format_version": "1.16.100",
	"minecraft:item": {
		"description": {
               "identifier": "towerwar:jump_boots",
               "category" : "equipment"
		},
		"components": {
               "minecraft:icon": {
                    "texture": "towerwar:jump_boots"
               },
               "minecraft:creative_category": {
                    "parent": "itemGroup.name.boots"
               },
               "minecraft:max_stack_size": 1,
               "minecraft:stacked_by_data": true,
               
               "minecraft:armor": {
                    "protection": 0
               },
               "minecraft:wearable": {
                    "dispensable": true,
                    "slot": "slot.armor.feet"
               },
               "minecraft:durability": {
                    "max_durability": 170
               },
               "minecraft:enchantable": {
                    "slot": "armor_feet",
                    "value": 10
               },
               "minecraft:repairable": {
                    "repair_items": [
                         {
                              "items":[
                                   "minecraft:iron_ingot"
                              ],
                              "repair_amount": 20
                         }
                    ]
               }
          }
	}
}