{
    "tiers": [
        {
            "trades": [
                {
                    "wants": [{
                        "item": "minecraft:emerald",
                        "quantity": {
                            "min": 7,
                            "max": 9
                        }
                    }],
                    "gives": [{
                        "item": "towerwar:bomb",
                        "quantity": 1
                    }],
                    "max_uses": 256,
                    "reward_exp": true
                },
                {
                    "wants": [{
                        "item": "minecraft:emerald",
                        "quantity": {
                            "min": 2,
                            "max": 4
                        }
                    }],
                    "gives": [{
                        "item": "towerwar:dynamite",
                        "quantity": 1
                    }],
                    "max_uses": 256,
                    "reward_exp": true
                }
            ]
        },
        {
            "trades": [
                {
                    "wants": [{
                        "item": "minecraft:emerald",
                        "quantity": {
                            "min": 9,
                            "max": 11
                        }
                    }],
                    "gives": [{
                        "item": "towerwar:molotov",
                        "quantity": 1
                    }],
                    "max_uses": 256,
                    "reward_exp": true
                },
				{
                    "wants": [{
                        "item": "minecraft:emerald",
                        "quantity": {
                            "min": 3,
                            "max": 5
                        }
                    }],
                    "gives": [{
                        "item": "towerwar:creeper_egg",
                        "quantity": 1
                    }],
                    "max_uses": 256,
                    "reward_exp": true
                },
                {
                    "wants": [{
                        "item": "minecraft:emerald",
                        "quantity": {
                            "min": 14,
                            "max": 16
                        }
                    }],
                    "gives": [{
                        "item": "towerwar:missile",
                        "quantity": 1
                    }],
                    "max_uses": 256,
                    "reward_exp": true
                }
            ]
        },
        {
            "trades": [
                {
                    "wants": [{
                        "item": "minecraft:diamond",
                        "quantity": {
                            "min": 1,
                            "max": 2
                        }
                    }],
                    "gives": [{
                        "item": "minecraft:snowball",
                        "quantity": 1
                    }],
                    "max_uses": 64,
                    "reward_exp": true
                },
                {
                    "wants": [{
                        "item": "minecraft:diamond",
                        "quantity": {
                            "min": 10,
                            "max": 13
                        }
                    }],
                    "gives": [{
                        "item": "towerwar:nuclear",
                        "quantity": 1
                    }],
                    "max_uses": 64,
                    "reward_exp": true
                }
            ]
        }
    ]
}