{
    "tiers": [
        {
            "trades": [
                {
                    "wants": [{
                        "item": "minecraft:emerald",
                        "quantity": 8
                    }],
                    "gives": [{
                        "item": "towerwar:bomb",
                        "quantity": 1
                    }],
                    "max_uses": 256,
                    "reward_exp": false
                },
                {
                    "wants": [{
                        "item": "minecraft:emerald",
                        "quantity": 3
                    }],
                    "gives": [{
                        "item": "towerwar:dynamite",
                        "quantity": 1
                    }],
                    "max_uses": 256,
                    "reward_exp": false
                },
                {
                    "wants": [{
                        "item": "minecraft:emerald",
                        "quantity": 10
                    }],
                    "gives": [{
                        "item": "towerwar:molotov",
                        "quantity": 1
                    }],
                    "max_uses": 256,
                    "reward_exp": false
                },
                {
                    "wants": [{
                        "item": "minecraft:emerald",
                        "quantity": 9
                    }],
                    "gives": [{
                        "item": "towerwar:nausea",
                        "quantity": 1
                    }],
                    "max_uses": 256,
                    "reward_exp": false
                },
				{
                    "wants": [{
                        "item": "minecraft:emerald",
                        "quantity": 4
                    }],
                    "gives": [{
                        "item": "towerwar:creeper_egg",
                        "quantity": 1
                    }],
                    "max_uses": 256,
                    "reward_exp": false
                },
                {
                    "wants": [{
                        "item": "minecraft:emerald",
                        "quantity": 15
                    }],
                    "gives": [{
                        "item": "towerwar:missile",
                        "quantity": 1
                    }],
                    "max_uses": 256,
                    "reward_exp": false
                },
                {
                    "wants": [{
                        "item": "minecraft:emerald",
                        "quantity": 30
                    }],
                    "gives": [{
                        "item": "towerwar:flammable_missile",
                        "quantity": 1
                    }],
                    "max_uses": 256,
                    "reward_exp": false
                },
                {
                    "wants": [{
                        "item": "minecraft:emerald",
                        "quantity": 10
                    }],
                    "gives": [{
                        "item": "minecraft:diamond",
                        "quantity": 1
                    }],
                    "max_uses": 256,
                    "reward_exp": false
                },
                {
                    "wants": [{
                        "item": "minecraft:diamond",
                        "quantity": 1
                    }],
                    "gives": [{
                        "item": "minecraft:snowball",
                        "quantity": 1
                    }],
                    "max_uses": 256,
                    "reward_exp": false
                },
                {
                    "wants": [{
                        "item": "minecraft:diamond",
                        "quantity": 13
                    }],
                    "gives": [{
                        "item": "towerwar:nuclear",
                        "quantity": 1
                    }],
                    "max_uses": 256,
                    "reward_exp": false
                }
            ]
        }
    ]
}