{
    "tiers": [
        {
            "trades": [
                {
                    "wants": [{
                        "item": "minecraft:emerald",
                        "quantity": 32
                    }],
                    "gives": [{
                        "item": "towerwar:speed_boots",
                        "quantity": 1
                    }],
                    "max_uses": 1,
                    "reward_exp": false
                },
                {
                    "wants": [{
                        "item": "minecraft:emerald",
                        "quantity": 32
                    }],
                    "gives": [{
                        "item": "towerwar:jump_boots",
                        "quantity": 1
                    }],
                    "max_uses": 1,
                    "reward_exp": false
                },
                {
                    "wants": [{
                        "item": "minecraft:emerald",
                        "quantity": 32
                    }],
                    "gives": [{
                        "item": "towerwar:hotdog",
                        "quantity": 1
                    }],
                    "max_uses": 1,
                    "reward_exp": false
                },
                {
                    "wants": [{
                        "item": "minecraft:emerald",
                        "quantity": 32
                    }],
                    "gives": [{
                        "item": "minecraft:ender_pearl",
                        "quantity": 1
                    }],
                    "max_uses": 1,
                    "reward_exp": false
                }
            ]
        }
    ]
}