{
     "format_version": "1.12",
     "minecraft:recipe_shaped": {
          "description": {
               "identifier": "towerwar:bomb_from_charcoal"
          },
       
          "tags": [ "crafting_table" ],
          "pattern": [
               "#@#",
               "@@@",
               "#@#"
          ],
          "key": {
               "#": "minecraft:charcoal",
               "@": "minecraft:gunpowder"
          },
          "result": {
               "item": "towerwar:bomb",
               "count": 2
          }
     }
}
   